2eefc478-239c-4def-adb3-fd0dd0930acc,Leonor,Olson
849814b2-5131-46e3-81bd-b180c5bde3b5,Garth,Funk
d1ae9f78-271e-48d4-9663-fc5cac41d083,Damaris,Kessler
4f933386-c9f2-470e-88a4-67c5f01e0156,Myrna,Wisozk
d4858988-cff4-4df5-9d3a-720794e078bb,Georgette,Reilly
c8e777d3-808b-4f41-aa10-396a67369254,Torrance,Tremblay
715dd2b6-9d34-48a9-8cf9-edcd2a6d5dce,Enoch,Stracke
65f3b860-a735-4023-b080-21262b0894b1,Kian,Beier
b28a3ba4-4fb1-4247-bd52-206feec530cc,Jessika,Renner
3d94d6a7-7aee-4910-a61a-39f37cf50cfd,Floyd,Ondricka
0bb0f725-a14a-47bd-8d75-7a4d8af3216a,Lydia,O'Keefe
e4249af4-68f0-4d97-8c82-7a845ea0bb83,Brooke,Hayes
b3801532-1c65-489c-b72e-676936719962,Angie,Kuvalis
a54b92b6-6143-4fb2-a216-31ba3dc5f5f1,Alanis,Schinner
4afd90b7-7d49-458b-b0c8-535b2f24d488,Ollie,Little
dc654266-9a03-4b5b-b379-9c09530afda9,Abigayle,Johns
a9ae1271-6155-4253-a3cd-144f7017efab,Casper,Rogahn
d33f20cd-ea57-4ddf-9182-bb035372828e,Shany,Lebsack
20653ba0-2520-44bc-a67f-803a9b7ad1ff,Lora,Nienow
7ba20120-06cf-4aaa-84b0-b31c87d87af5,Kattie,Johns
a9e38ee8-6eb2-4d4d-a154-741650b83290,Jane,Johnston
b74c6c38-6612-4d6f-80a9-628ab6799956,Stephon,Yost
672863c6-4502-4d9a-b8b1-50501f62a88a,Fredrick,Hilpert
aac96076-e747-4f93-9ae3-db976d075996,Lavina,Reichert
3e3a4122-048b-4fd7-bb92-27a3a03f2793,Reed,Hills
a52943fa-5281-4bfd-ad4e-0b49b40afc83,Heather,Upton
81e354da-1471-4ffb-9c99-3f1fbd95a6ec,Bria,Howe
7867d113-462e-46e4-9cb4-30066c6afa6f,Ted,Walsh
db1e35bb-9ab1-4bf6-b6ee-13e4ac5dc818,Kasandra,Rowe
3d72604d-885c-4241-9fdf-fdf4c42a16d8,Nigel,Feil
4a2e5f1a-0d47-4f2e-ac0f-e5203842e666,Creola,Koch
87eb097a-a42e-43fc-a9b2-2c4e47cf94c4,Glen,Connelly
a5bd6f20-2f43-48c4-85bc-0aaff51ab2d9,Elroy,Wilkinson
edd3b78b-0a9b-4f93-a5c9-ca16781b2642,Ron,Schinner
8af546f1-faba-4212-8cc8-503ae3682141,Trevor,Becker
8aceebf1-c2fe-4b1e-bd0b-c09c3cfc75d2,Alana,Fisher
2940b384-1adc-4bff-b5b9-0656f62315a9,Marilyne,Wolf
a4eb290c-9e65-43fc-902c-9a265e9f3fbf,Bradly,Bins
bb119e2b-a10d-45c0-b640-7cf848230733,Pablo,Bergstrom
6757b849-aa01-4774-9cfb-8b7d255e156e,Ethyl,Sanford
bd5e22b7-4021-4cce-a67d-7f4e5b65c9c2,Meghan,Gislason
aa88ff06-1ed9-462c-b922-44cf2dad599e,Hortense,Hartmann
02395331-3db2-406b-b502-e3797630a782,Olaf,Harvey
70b0ba2f-cc16-49bc-8561-b97a784970ea,Kathlyn,O'Connell
b29a6e9e-012e-4c4f-be88-7cb3cd2e8002,Walton,Orn
66a7d034-61e8-49e4-bd1a-7eb345ad3daa,Andreane,Hilpert
02486a69-84f7-499f-b112-1972b54df316,Delphine,Rohan
9eb32511-0a52-4d02-b0e5-88c6b70af088,Otilia,Eichmann
eb3d0f3e-ecf1-4c2b-be3e-65b3ea614949,Deron,O'Reilly
575aa0df-1e33-476e-ace9-b76aa8a5c83c,Arvilla,Abshire
bfa74acf-c9ef-4825-801d-ae706a170811,Olen,Torp
8baae523-dfcb-4845-b2d1-4ccf66a00e5e,Norval,Ernser
d31660d2-4e85-4fd9-af6b-414669041895,Kellen,Robel
df4a397c-5751-4896-934c-7e6ddf01bd51,Laurianne,Wolf
c186b9e4-47cb-4249-9889-6360cfa7ae61,Lupe,Gutkowski
7ad01424-31fe-4d8b-8f35-84a5eb88599f,Okey,Adams
d2dfe015-879b-415e-b1f7-e2bc45ec78b3,Orval,Botsford
35596c3d-b83b-45e1-92e1-6500dd0722a2,Maximo,Hackett
a6b8f43e-cb78-442c-af9c-3fba5c3a2a3e,Dominic,Larson
005e78d8-a4af-4463-88e2-f2129834ab7e,Selmer,Rippin
b636ff65-9ca0-4e82-904c-76a0ee9a0d2b,Brycen,Abbott
9ecf1171-1d44-40b2-8caa-ca7645b72a36,Nels,Russel
76a9166f-180e-4e3c-b327-0a592ade4a06,Donnie,Moore
c3c83b16-9961-4ee3-9fcc-bee4bc30ee7b,Gonzalo,Kertzmann
34549fa3-8b2d-41dc-a085-77db09a59340,Greyson,Roob
9c5be3e0-fe05-4baf-9f8e-1f49b87c56be,Gia,Mohr
fb87d847-718e-442d-85cf-c5be8180c7d4,Miguel,Schroeder
34475728-e36d-4b4a-8435-bf4c57f925bc,Kelly,Herzog
dae01b30-3bc7-4bcf-90c1-c2536b4ae3f4,Carleton,Jacobi
3289700e-56ba-432c-83f1-8a23ebff21e0,Gia,Corkery
7c488403-6935-4793-91cc-fe80f44b756d,Riley,Abernathy
24dfdb65-68e1-41df-a6ca-e43292fe7662,Dan,Funk
c82582f5-cf31-4897-9d04-208aab93789f,Lavinia,Ritchie
51085ca0-11f1-41ec-89fa-4f7ad192ebbe,Van,Strosin
617bcb34-2924-43af-8528-521f88f29027,Edythe,Kutch
1af704b2-d34d-4229-b298-d14813fedbee,Elton,Beahan
7b8076e0-9769-4131-9d12-b29bfded614b,Rhea,Walker
1e13e127-9116-4692-9e35-c71d59b1b122,Moises,Aufderhar
44786109-9866-4197-8fc5-ad4d6e8c140d,Jacky,Boehm
cadb4b0c-bed5-48ee-85a8-fc5742ade629,Jalon,Murray
633fe953-97e8-4548-a597-4c7359f599da,Katelin,Price
65a37554-72d9-491c-a6a1-59e2675a03cf,Curtis,Mohr
fa956142-dcfd-4bde-8dba-5bc99a244506,Sim,Beier
ecd4ebc9-53b8-446f-9cc1-db6789d094fc,Anais,Bergstrom
93a6f761-e0fa-42c1-a7e3-7eabd5067bde,Schuyler,Cartwright
1646fa0c-2296-4921-bf83-d700a9a926b0,Arthur,Cormier
9bed9fb6-3e13-4754-891d-730d35000246,Henry,Huel
4069a1d6-533c-452a-b207-b7348b75db36,Durward,Medhurst
1117c105-66f5-4be3-84d3-1fba52571a72,Devante,Durgan
c5107ef8-e881-4ec5-967a-6b0b7ad39515,Dominique,Walker
eb1f4251-5635-4bb4-b962-6392614ff629,Cathryn,Haley
cf23bf66-b7c7-4cd3-a610-a154469500d5,Armand,Ritchie
a1462c25-d887-42d3-bfc9-0d18ebab07d1,Deshaun,Smitham
613b2faa-9cc9-418d-92ea-c2cf9ac24a1d,Rhea,Bode
23e7f622-81b7-45b8-a8b2-e77fbc13e53b,Yasmin,Bayer
ece4ed13-566e-4e7f-a025-90ad7e0696ca,Efren,Satterfield
e396ab13-e13c-47a4-969e-77c9a72deaf1,Itzel,Wyman
84f78315-c9ca-4f64-8c14-7461122cc4fa,Lilian,Cronin
5a9b7244-6f26-4767-861c-0cfc827e7a5f,Jerome,Legros
b86a40c5-90a1-4eae-9792-b1e67e587d3f,Alfreda,Barrows
fa8d5cb9-70eb-40d5-af21-b1805ce94772,Michel,Rosenbaum
